{"init_params": {"cat_dims": [], "cat_emb_dim": [], "cat_idxs": [], "clip_value": 2.0, "device_name": "cuda", "epsilon": 1e-15, "gamma": 1.3, "grouped_features": [], "input_dim": 61, "lambda_sparse": 0.001, "mask_type": "sparsemax", "momentum": 0.3, "n_a": 64, "n_d": 64, "n_indep_decoder": 1, "n_independent": 2, "n_shared": 2, "n_shared_decoder": 1, "n_steps": 10, "optimizer_params": {"lr": 0.0002, "weight_decay": 1e-05}, "output_dim": 4, "scheduler_fn": null, "scheduler_params": {"step_size": 15, "gamma": 0.85}, "seed": 0, "verbose": 1}, "class_attrs": {"preds_mapper": {"0": 0.0, "1": 1.0, "2": 2.0, "3": 3.0}}}