{"init_params": {"cat_dims": [5, 5, 5, 5, 4, 3], "cat_emb_dim": [3, 3, 3, 3, 3, 3], "cat_idxs": [30, 31, 32, 33, 34, 35], "clip_value": 2.0, "device_name": "cuda", "epsilon": 1e-15, "gamma": 1.5, "grouped_features": [], "input_dim": 40, "lambda_sparse": 0.002, "mask_type": "entmax", "momentum": 0.3, "n_a": 96, "n_d": 96, "n_indep_decoder": 1, "n_independent": 2, "n_shared": 2, "n_shared_decoder": 1, "n_steps": 12, "optimizer_params": {"lr": 0.0002, "weight_decay": 1e-05}, "output_dim": 3, "scheduler_fn": null, "scheduler_params": {"step_size": 15, "gamma": 0.85}, "seed": 0, "verbose": 1}, "class_attrs": {"preds_mapper": {"0": 0, "1": 1, "2": 2}}}